<?xml version="1.0"?>
<doc>
    <assembly>
        <name>Autofac.Integration.WebApi.Owin</name>
    </assembly>
    <members>
        <member name="T:Owin.AutofacWebApiAppBuilderExtensions">
            <summary>
            Extension methods for configuring the OWIN pipeline.
            </summary>
        </member>
        <member name="M:Owin.AutofacWebApiAppBuilderExtensions.UseAutofacWebApi(Owin.IAppBuilder,System.Web.Http.HttpConfiguration)">
            <summary>
            Extends the Autofac lifetime scope added from the OWIN pipeline through to the Web API dependency scope.
            </summary>
            <param name="app">The application builder.</param>
            <param name="configuration">The HTTP server configuration.</param>
            <returns>The application builder.</returns>
        </member>
        <member name="M:Owin.AutofacWebApiAppBuilderExtensions.DisposeScopeOnAppDisposing(Owin.IAppBuilder,Autofac.ILifetimeScope)">
            <summary>
            Registers a callback to dispose an Autofac <see cref="T:Autofac.ILifetimeScope"/>
            when the OWIN <c>host.OnAppDisposing</c> event is triggered. This is a
            convenience method that will dispose an Autofac container or child scope
            when an OWIN application is shutting down.
            </summary>
            <param name="app">The application builder.</param>
            <param name="lifetimeScope">The Autofac lifetime scope that should be disposed.</param>
            <returns>The application builder.</returns>
        </member>
    </members>
</doc>
